[{"model": "admin.logentry", "pk": 9, "fields": {"action_time": "2022-04-13T09:21:18.224Z", "user": 1, "content_type": 8, "object_id": "1", "object_repr": "SIT Academy Zurich (Zurich)", "action_flag": 2, "change_message": "[{\"changed\": {\"fields\": [\"Location\", \"Name\"]}}]"}}, {"model": "admin.logentry", "pk": 10, "fields": {"action_time": "2022-04-13T09:24:10.871Z", "user": 1, "content_type": 6, "object_id": "3", "object_repr": "Application object (3)", "action_flag": 1, "change_message": "[{\"added\": {}}]"}}, {"model": "admin.logentry", "pk": 11, "fields": {"action_time": "2022-04-13T09:26:16.072Z", "user": 1, "content_type": 6, "object_id": "4", "object_repr": "Application object (4)", "action_flag": 1, "change_message": "[{\"added\": {}}]"}}, {"model": "admin.logentry", "pk": 12, "fields": {"action_time": "2022-04-13T09:49:09.100Z", "user": 1, "content_type": 8, "object_id": "3", "object_repr": "SIT Academy Berlin (Berlin)", "action_flag": 1, "change_message": "[{\"added\": {}}]"}}, {"model": "admin.logentry", "pk": 13, "fields": {"action_time": "2022-04-13T09:49:25.578Z", "user": 1, "content_type": 8, "object_id": "4", "object_repr": "SIT Academy Hamburg (Hamburg)", "action_flag": 1, "change_message": "[{\"added\": {}}]"}}, {"model": "admin.logentry", "pk": 14, "fields": {"action_time": "2022-04-13T09:49:30.863Z", "user": 1, "content_type": 8, "object_id": "5", "object_repr": "SIT Academy Bern (Bern)", "action_flag": 1, "change_message": "[{\"added\": {}}]"}}, {"model": "admin.logentry", "pk": 15, "fields": {"action_time": "2022-04-13T09:49:43.157Z", "user": 1, "content_type": 8, "object_id": "6", "object_repr": "SIT Academy Genf (Genf)", "action_flag": 1, "change_message": "[{\"added\": {}}]"}}, {"model": "admin.logentry", "pk": 16, "fields": {"action_time": "2022-04-13T09:49:48.958Z", "user": 1, "content_type": 8, "object_id": "7", "object_repr": "SIT Academy Luzern (Luzern)", "action_flag": 1, "change_message": "[{\"added\": {}}]"}}, {"model": "admin.logentry", "pk": 17, "fields": {"action_time": "2022-04-13T09:50:02.221Z", "user": 1, "content_type": 8, "object_id": "8", "object_repr": "SIT Academy Basel (Basel)", "action_flag": 1, "change_message": "[{\"added\": {}}]"}}, {"model": "admin.logentry", "pk": 18, "fields": {"action_time": "2022-04-13T09:50:10.131Z", "user": 1, "content_type": 8, "object_id": "9", "object_repr": "SIT Academy Konstanz (Konstanz)", "action_flag": 1, "change_message": "[{\"added\": {}}]"}}, {"model": "admin.logentry", "pk": 19, "fields": {"action_time": "2022-04-13T09:50:22.330Z", "user": 1, "content_type": 8, "object_id": "10", "object_repr": "SIT Academy Cologn (Cologn)", "action_flag": 1, "change_message": "[{\"added\": {}}]"}}, {"model": "admin.logentry", "pk": 20, "fields": {"action_time": "2022-04-13T09:50:50.830Z", "user": 1, "content_type": 8, "object_id": "10", "object_repr": "SIT Academy Cologne (Cologne)", "action_flag": 2, "change_message": "[{\"changed\": {\"fields\": [\"Location\", \"Name\"]}}]"}}, {"model": "admin.logentry", "pk": 21, "fields": {"action_time": "2022-04-13T09:51:20.776Z", "user": 1, "content_type": 7, "object_id": "3", "object_repr": "Data Science Full Time (full-time), Cologne | 03 Jul 2022 - 31 Oct 2022", "action_flag": 1, "change_message": "[{\"added\": {}}]"}}, {"model": "admin.logentry", "pk": 22, "fields": {"action_time": "2022-04-13T09:51:58.458Z", "user": 1, "content_type": 10, "object_id": "3", "object_repr": "Online Security", "action_flag": 1, "change_message": "[{\"added\": {}}]"}}, {"model": "admin.logentry", "pk": 23, "fields": {"action_time": "2022-04-13T09:52:32.992Z", "user": 1, "content_type": 10, "object_id": "4", "object_repr": "BlockChain Fundamentals", "action_flag": 1, "change_message": "[{\"added\": {}}]"}}, {"model": "admin.logentry", "pk": 24, "fields": {"action_time": "2022-04-13T09:53:04.044Z", "user": 1, "content_type": 10, "object_id": "5", "object_repr": "Hash 101", "action_flag": 1, "change_message": "[{\"added\": {}}]"}}, {"model": "admin.logentry", "pk": 25, "fields": {"action_time": "2022-04-13T09:53:54.860Z", "user": 1, "content_type": 7, "object_id": "4", "object_repr": "Hash 101 (part-time), Munich | 29 Jul 2022 - 31 Oct 2022", "action_flag": 1, "change_message": "[{\"added\": {}}]"}}, {"model": "admin.logentry", "pk": 26, "fields": {"action_time": "2022-04-13T09:54:42.531Z", "user": 1, "content_type": 7, "object_id": "5", "object_repr": "BlockChain Fundamentals (part-time), Hamburg | 28 Feb 2023 - 31 May 2023", "action_flag": 1, "change_message": "[{\"added\": {}}]"}}, {"model": "admin.logentry", "pk": 27, "fields": {"action_time": "2022-04-13T09:55:40.308Z", "user": 1, "content_type": 7, "object_id": "6", "object_repr": "Online Security (full-time), Cologne | 07 May 2023 - 30 Aug 2023", "action_flag": 1, "change_message": "[{\"added\": {}}]"}}, {"model": "admin.logentry", "pk": 28, "fields": {"action_time": "2022-04-13T09:56:36.759Z", "user": 1, "content_type": 7, "object_id": "7", "object_repr": "Hash 101 (full-time), Berlin | 08 Jan 2024 - 30 Mar 2024", "action_flag": 1, "change_message": "[{\"added\": {}}]"}}, {"model": "admin.logentry", "pk": 29, "fields": {"action_time": "2022-04-13T09:57:29.467Z", "user": 1, "content_type": 7, "object_id": "8", "object_repr": "Full-Stack Bootcamp (full-time), Basel | 07 Jan 2023 - 08 Apr 2023", "action_flag": 1, "change_message": "[{\"added\": {}}]"}}, {"model": "admin.logentry", "pk": 30, "fields": {"action_time": "2022-04-13T09:58:20.840Z", "user": 1, "content_type": 7, "object_id": "9", "object_repr": "Data Science Full Time (part-time), Luzern | 15 Jan 2023 - 15 Apr 2023", "action_flag": 1, "change_message": "[{\"added\": {}}]"}}, {"model": "admin.logentry", "pk": 31, "fields": {"action_time": "2022-04-13T09:59:56.738Z", "user": 1, "content_type": 7, "object_id": "10", "object_repr": "Online Security (part-time), Konstanz | 01 Sep 2022 - 15 Dec 2022", "action_flag": 1, "change_message": "[{\"added\": {}}]"}}, {"model": "admin.logentry", "pk": 32, "fields": {"action_time": "2022-04-13T10:01:24.616Z", "user": 1, "content_type": 6, "object_id": "5", "object_repr": "Application object (5)", "action_flag": 1, "change_message": "[{\"added\": {}}]"}}, {"model": "admin.logentry", "pk": 33, "fields": {"action_time": "2022-04-13T10:01:59.640Z", "user": 1, "content_type": 6, "object_id": "6", "object_repr": "Application object (6)", "action_flag": 1, "change_message": "[{\"added\": {}}]"}}, {"model": "admin.logentry", "pk": 34, "fields": {"action_time": "2022-04-13T10:02:29.376Z", "user": 1, "content_type": 6, "object_id": "7", "object_repr": "Application object (7)", "action_flag": 1, "change_message": "[{\"added\": {}}]"}}, {"model": "admin.logentry", "pk": 35, "fields": {"action_time": "2022-04-13T10:03:35.091Z", "user": 1, "content_type": 6, "object_id": "8", "object_repr": "Application object (8)", "action_flag": 1, "change_message": "[{\"added\": {}}]"}}, {"model": "admin.logentry", "pk": 36, "fields": {"action_time": "2022-04-13T10:06:31.111Z", "user": 1, "content_type": 6, "object_id": "9", "object_repr": "Application object (9)", "action_flag": 1, "change_message": "[{\"added\": {}}]"}}, {"model": "admin.logentry", "pk": 37, "fields": {"action_time": "2022-04-13T10:07:47.731Z", "user": 1, "content_type": 6, "object_id": "10", "object_repr": "Application object (10)", "action_flag": 1, "change_message": "[{\"added\": {}}]"}}, {"model": "admin.logentry", "pk": 38, "fields": {"action_time": "2022-04-13T10:08:17.169Z", "user": 1, "content_type": 6, "object_id": "11", "object_repr": "Application object (11)", "action_flag": 1, "change_message": "[{\"added\": {}}]"}}, {"model": "admin.logentry", "pk": 39, "fields": {"action_time": "2022-04-13T10:08:55.186Z", "user": 1, "content_type": 6, "object_id": "12", "object_repr": "Application object (12)", "action_flag": 1, "change_message": "[{\"added\": {}}]"}}, {"model": "admin.logentry", "pk": 40, "fields": {"action_time": "2022-04-15T11:06:50.519Z", "user": 1, "content_type": 6, "object_id": "13", "object_repr": "Application object (13)", "action_flag": 1, "change_message": "[{\"added\": {}}]"}}, {"model": "admin.logentry", "pk": 41, "fields": {"action_time": "2022-04-15T11:07:13.106Z", "user": 1, "content_type": 6, "object_id": "14", "object_repr": "Application object (14)", "action_flag": 1, "change_message": "[{\"added\": {}}]"}}, {"model": "admin.logentry", "pk": 42, "fields": {"action_time": "2022-04-15T11:07:35.237Z", "user": 1, "content_type": 6, "object_id": "15", "object_repr": "Application object (15)", "action_flag": 1, "change_message": "[{\"added\": {}}]"}}, {"model": "admin.logentry", "pk": 43, "fields": {"action_time": "2022-04-18T15:46:13.197Z", "user": 1, "content_type": 6, "object_id": "15", "object_repr": "Application object (15)", "action_flag": 3, "change_message": ""}}, {"model": "admin.logentry", "pk": 44, "fields": {"action_time": "2022-04-18T15:46:13.234Z", "user": 1, "content_type": 6, "object_id": "14", "object_repr": "Application object (14)", "action_flag": 3, "change_message": ""}}, {"model": "admin.logentry", "pk": 45, "fields": {"action_time": "2022-04-18T15:46:13.239Z", "user": 1, "content_type": 6, "object_id": "13", "object_repr": "Application object (13)", "action_flag": 3, "change_message": ""}}, {"model": "admin.logentry", "pk": 46, "fields": {"action_time": "2022-04-18T15:46:13.245Z", "user": 1, "content_type": 6, "object_id": "12", "object_repr": "Application object (12)", "action_flag": 3, "change_message": ""}}, {"model": "admin.logentry", "pk": 47, "fields": {"action_time": "2022-04-18T15:46:13.249Z", "user": 1, "content_type": 6, "object_id": "11", "object_repr": "Application object (11)", "action_flag": 3, "change_message": ""}}, {"model": "admin.logentry", "pk": 48, "fields": {"action_time": "2022-04-18T15:46:13.259Z", "user": 1, "content_type": 6, "object_id": "10", "object_repr": "Application object (10)", "action_flag": 3, "change_message": ""}}, {"model": "admin.logentry", "pk": 49, "fields": {"action_time": "2022-04-18T15:46:13.264Z", "user": 1, "content_type": 6, "object_id": "9", "object_repr": "Application object (9)", "action_flag": 3, "change_message": ""}}, {"model": "admin.logentry", "pk": 50, "fields": {"action_time": "2022-04-18T15:46:13.271Z", "user": 1, "content_type": 6, "object_id": "8", "object_repr": "Application object (8)", "action_flag": 3, "change_message": ""}}, {"model": "admin.logentry", "pk": 51, "fields": {"action_time": "2022-04-18T15:46:13.276Z", "user": 1, "content_type": 6, "object_id": "7", "object_repr": "Application object (7)", "action_flag": 3, "change_message": ""}}, {"model": "admin.logentry", "pk": 52, "fields": {"action_time": "2022-04-18T15:46:13.280Z", "user": 1, "content_type": 6, "object_id": "6", "object_repr": "Application object (6)", "action_flag": 3, "change_message": ""}}, {"model": "admin.logentry", "pk": 53, "fields": {"action_time": "2022-04-18T15:46:13.289Z", "user": 1, "content_type": 6, "object_id": "5", "object_repr": "Application object (5)", "action_flag": 3, "change_message": ""}}, {"model": "admin.logentry", "pk": 54, "fields": {"action_time": "2022-04-18T15:46:13.294Z", "user": 1, "content_type": 6, "object_id": "4", "object_repr": "Application object (4)", "action_flag": 3, "change_message": ""}}, {"model": "admin.logentry", "pk": 55, "fields": {"action_time": "2022-04-18T15:46:13.303Z", "user": 1, "content_type": 6, "object_id": "3", "object_repr": "Application object (3)", "action_flag": 3, "change_message": ""}}, {"model": "admin.logentry", "pk": 56, "fields": {"action_time": "2022-04-18T15:46:30.340Z", "user": 1, "content_type": 7, "object_id": "7", "object_repr": "Hash 101 (full-time), Berlin | 08 Jan 2024 - 30 Mar 2024", "action_flag": 3, "change_message": ""}}, {"model": "admin.logentry", "pk": 57, "fields": {"action_time": "2022-04-18T15:46:30.362Z", "user": 1, "content_type": 7, "object_id": "6", "object_repr": "Online Security (full-time), Cologne | 07 May 2023 - 30 Aug 2023", "action_flag": 3, "change_message": ""}}, {"model": "admin.logentry", "pk": 58, "fields": {"action_time": "2022-04-18T15:46:30.368Z", "user": 1, "content_type": 7, "object_id": "5", "object_repr": "BlockChain Fundamentals (part-time), Hamburg | 28 Feb 2023 - 31 May 2023", "action_flag": 3, "change_message": ""}}, {"model": "admin.logentry", "pk": 59, "fields": {"action_time": "2022-04-18T15:46:30.374Z", "user": 1, "content_type": 7, "object_id": "9", "object_repr": "Data Science Full Time (part-time), Luzern | 15 Jan 2023 - 15 Apr 2023", "action_flag": 3, "change_message": ""}}, {"model": "admin.logentry", "pk": 60, "fields": {"action_time": "2022-04-18T15:46:30.379Z", "user": 1, "content_type": 7, "object_id": "8", "object_repr": "Full-Stack Bootcamp (full-time), Basel | 07 Jan 2023 - 08 Apr 2023", "action_flag": 3, "change_message": ""}}, {"model": "admin.logentry", "pk": 61, "fields": {"action_time": "2022-04-18T15:46:30.384Z", "user": 1, "content_type": 7, "object_id": "2", "object_repr": "Data Science Full Time (full-time), Munich | 11 Sep 2022 - 31 Dec 2022", "action_flag": 3, "change_message": ""}}, {"model": "admin.logentry", "pk": 62, "fields": {"action_time": "2022-04-18T15:46:30.389Z", "user": 1, "content_type": 7, "object_id": "1", "object_repr": "Full-Stack Bootcamp (part-time), Zurich | 11 Sep 2022 - 30 Nov 2022", "action_flag": 3, "change_message": ""}}, {"model": "admin.logentry", "pk": 63, "fields": {"action_time": "2022-04-18T15:46:30.394Z", "user": 1, "content_type": 7, "object_id": "10", "object_repr": "Online Security (part-time), Konstanz | 01 Sep 2022 - 15 Dec 2022", "action_flag": 3, "change_message": ""}}, {"model": "admin.logentry", "pk": 64, "fields": {"action_time": "2022-04-18T15:46:30.399Z", "user": 1, "content_type": 7, "object_id": "4", "object_repr": "Hash 101 (part-time), Munich | 29 Jul 2022 - 31 Oct 2022", "action_flag": 3, "change_message": ""}}, {"model": "admin.logentry", "pk": 65, "fields": {"action_time": "2022-04-18T15:46:30.404Z", "user": 1, "content_type": 7, "object_id": "3", "object_repr": "Data Science Full Time (full-time), Cologne | 03 Jul 2022 - 31 Oct 2022", "action_flag": 3, "change_message": ""}}, {"model": "admin.logentry", "pk": 66, "fields": {"action_time": "2022-04-18T15:51:01.094Z", "user": 1, "content_type": 7, "object_id": "11", "object_repr": "Data Science Full Time (full-time), Zurich | 07 Oct 2021 - 01 Mar 2022", "action_flag": 1, "change_message": "[{\"added\": {}}]"}}, {"model": "admin.logentry", "pk": 67, "fields": {"action_time": "2022-04-18T15:52:51.939Z", "user": 1, "content_type": 7, "object_id": "12", "object_repr": "Data Science Full Time (full-time), Zurich | 07 Jan 2020 - 31 Mar 2020", "action_flag": 1, "change_message": "[{\"added\": {}}]"}}, {"model": "admin.logentry", "pk": 68, "fields": {"action_time": "2022-04-18T15:54:05.361Z", "user": 1, "content_type": 7, "object_id": "13", "object_repr": "Data Science Full Time (full-time), Zurich | 07 Apr 2020 - 30 Jun 2020", "action_flag": 1, "change_message": "[{\"added\": {}}]"}}, {"model": "admin.logentry", "pk": 69, "fields": {"action_time": "2022-04-18T15:55:50.720Z", "user": 1, "content_type": 7, "object_id": "14", "object_repr": "Data Science Full Time (full-time), Zurich | 07 Jul 2020 - 30 Sep 2020", "action_flag": 1, "change_message": "[{\"added\": {}}]"}}, {"model": "admin.logentry", "pk": 70, "fields": {"action_time": "2022-04-18T15:57:06.631Z", "user": 1, "content_type": 7, "object_id": "15", "object_repr": "Data Science Full Time (full-time), Zurich | 07 Aug 2020 - 31 Oct 2020", "action_flag": 1, "change_message": "[{\"added\": {}}]"}}, {"model": "admin.logentry", "pk": 71, "fields": {"action_time": "2022-04-18T15:58:19.143Z", "user": 1, "content_type": 7, "object_id": "16", "object_repr": "Data Science Full Time (full-time), Zurich | 07 Jan 2021 - 30 Mar 2021", "action_flag": 1, "change_message": "[{\"added\": {}}]"}}, {"model": "admin.logentry", "pk": 72, "fields": {"action_time": "2022-04-18T15:59:44.794Z", "user": 1, "content_type": 7, "object_id": "17", "object_repr": "Data Science Full Time (full-time), Zurich | 07 Apr 2021 - 30 Jun 2021", "action_flag": 1, "change_message": "[{\"added\": {}}]"}}, {"model": "admin.logentry", "pk": 73, "fields": {"action_time": "2022-04-18T16:00:40.647Z", "user": 1, "content_type": 7, "object_id": "18", "object_repr": "Data Science Full Time (full-time), Zurich | 07 Jul 2021 - 30 Sep 2021", "action_flag": 1, "change_message": "[{\"added\": {}}]"}}, {"model": "admin.logentry", "pk": 74, "fields": {"action_time": "2022-04-18T16:01:51.064Z", "user": 1, "content_type": 7, "object_id": "19", "object_repr": "Data Science Full Time (full-time), Zurich | 07 Aug 2021 - 30 Oct 2021", "action_flag": 1, "change_message": "[{\"added\": {}}]"}}, {"model": "admin.logentry", "pk": 75, "fields": {"action_time": "2022-04-18T16:02:28.379Z", "user": 1, "content_type": 7, "object_id": "11", "object_repr": "Data Science Full Time (full-time), Zurich | 07 Oct 2021 - 01 Mar 2022", "action_flag": 3, "change_message": ""}}, {"model": "admin.logentry", "pk": 76, "fields": {"action_time": "2022-04-18T16:03:43.647Z", "user": 1, "content_type": 7, "object_id": "20", "object_repr": "Data Science Full Time (full-time), Zurich | 07 Jan 2022 - 30 Mar 2022", "action_flag": 1, "change_message": "[{\"added\": {}}]"}}, {"model": "admin.logentry", "pk": 77, "fields": {"action_time": "2022-04-18T16:05:02.814Z", "user": 1, "content_type": 7, "object_id": "21", "object_repr": "Data Science Full Time (full-time), Zurich | 01 Apr 2022 - 30 Jun 2022", "action_flag": 1, "change_message": "[{\"added\": {}}]"}}, {"model": "admin.logentry", "pk": 78, "fields": {"action_time": "2022-04-18T16:05:25.084Z", "user": 1, "content_type": 7, "object_id": "21", "object_repr": "Data Science Full Time (full-time), Zurich | 07 Apr 2022 - 30 Jun 2022", "action_flag": 2, "change_message": "[{\"changed\": {\"fields\": [\"Start date\"]}}]"}}, {"model": "admin.logentry", "pk": 79, "fields": {"action_time": "2022-04-18T16:09:11.929Z", "user": 1, "content_type": 7, "object_id": "22", "object_repr": "Full-Stack Bootcamp (part-time), Munich | 07 Jan 2020 - 30 Mar 2020", "action_flag": 1, "change_message": "[{\"added\": {}}]"}}, {"model": "admin.logentry", "pk": 80, "fields": {"action_time": "2022-04-18T16:10:04.626Z", "user": 1, "content_type": 7, "object_id": "23", "object_repr": "Full-Stack Bootcamp (part-time), Munich | 07 Apr 2020 - 30 Jun 2020", "action_flag": 1, "change_message": "[{\"added\": {}}]"}}, {"model": "admin.logentry", "pk": 81, "fields": {"action_time": "2022-04-18T16:11:40.689Z", "user": 1, "content_type": 7, "object_id": "24", "object_repr": "Full-Stack Bootcamp (part-time), Munich | 07 Jul 2020 - 30 Sep 2020", "action_flag": 1, "change_message": "[{\"added\": {}}]"}}, {"model": "admin.logentry", "pk": 82, "fields": {"action_time": "2022-04-18T16:12:50.867Z", "user": 1, "content_type": 7, "object_id": "25", "object_repr": "Full-Stack Bootcamp (part-time), Munich | 07 Aug 2020 - 31 Oct 2020", "action_flag": 1, "change_message": "[{\"added\": {}}]"}}, {"model": "admin.logentry", "pk": 83, "fields": {"action_time": "2022-04-18T16:13:46.448Z", "user": 1, "content_type": 7, "object_id": "26", "object_repr": "Full-Stack Bootcamp (part-time), Munich | 07 Jan 2021 - 30 Mar 2021", "action_flag": 1, "change_message": "[{\"added\": {}}]"}}, {"model": "admin.logentry", "pk": 84, "fields": {"action_time": "2022-04-18T16:14:27.221Z", "user": 1, "content_type": 7, "object_id": "27", "object_repr": "Full-Stack Bootcamp (part-time), Munich | 07 Apr 2021 - 30 Jun 2021", "action_flag": 1, "change_message": "[{\"added\": {}}]"}}, {"model": "admin.logentry", "pk": 85, "fields": {"action_time": "2022-04-18T16:15:15.133Z", "user": 1, "content_type": 7, "object_id": "28", "object_repr": "Full-Stack Bootcamp (part-time), Munich | 07 Jul 2021 - 30 Sep 2021", "action_flag": 1, "change_message": "[{\"added\": {}}]"}}, {"model": "admin.logentry", "pk": 86, "fields": {"action_time": "2022-04-18T16:16:10.699Z", "user": 1, "content_type": 7, "object_id": "29", "object_repr": "Full-Stack Bootcamp (part-time), Munich | 07 Aug 2021 - 30 Oct 2021", "action_flag": 1, "change_message": "[{\"added\": {}}]"}}, {"model": "admin.logentry", "pk": 87, "fields": {"action_time": "2022-04-18T16:17:37.815Z", "user": 1, "content_type": 7, "object_id": "30", "object_repr": "Full-Stack Bootcamp (part-time), Munich | 07 Jan 2022 - 30 Mar 2022", "action_flag": 1, "change_message": "[{\"added\": {}}]"}}, {"model": "admin.logentry", "pk": 88, "fields": {"action_time": "2022-04-18T16:18:36.886Z", "user": 1, "content_type": 7, "object_id": "31", "object_repr": "Full-Stack Bootcamp (part-time), Munich | 07 Apr 2022 - 30 Jun 2022", "action_flag": 1, "change_message": "[{\"added\": {}}]"}}, {"model": "admin.logentry", "pk": 89, "fields": {"action_time": "2022-04-18T16:21:04.609Z", "user": 1, "content_type": 7, "object_id": "32", "object_repr": "BlockChain Fundamentals (part-time), Luzern | 07 Jan 2020 - 30 Jan 2020", "action_flag": 1, "change_message": "[{\"added\": {}}]"}}, {"model": "admin.logentry", "pk": 90, "fields": {"action_time": "2022-04-18T16:21:56.521Z", "user": 1, "content_type": 7, "object_id": "33", "object_repr": "BlockChain Fundamentals (part-time), Luzern | 07 Mar 2020 - 30 Mar 2020", "action_flag": 1, "change_message": "[{\"added\": {}}]"}}, {"model": "admin.logentry", "pk": 91, "fields": {"action_time": "2022-04-18T16:22:45.200Z", "user": 1, "content_type": 7, "object_id": "34", "object_repr": "BlockChain Fundamentals (part-time), Luzern | 07 Jun 2020 - 30 Jun 2020", "action_flag": 1, "change_message": "[{\"added\": {}}]"}}, {"model": "admin.logentry", "pk": 92, "fields": {"action_time": "2022-04-18T16:23:40.038Z", "user": 1, "content_type": 7, "object_id": "35", "object_repr": "BlockChain Fundamentals (part-time), Luzern | 07 Aug 2020 - 30 Aug 2020", "action_flag": 1, "change_message": "[{\"added\": {}}]"}}, {"model": "admin.logentry", "pk": 93, "fields": {"action_time": "2022-04-18T16:24:34.698Z", "user": 1, "content_type": 7, "object_id": "36", "object_repr": "BlockChain Fundamentals (part-time), Luzern | 07 Oct 2020 - 30 Oct 2020", "action_flag": 1, "change_message": "[{\"added\": {}}]"}}, {"model": "admin.logentry", "pk": 94, "fields": {"action_time": "2022-04-18T16:25:24.656Z", "user": 1, "content_type": 7, "object_id": "37", "object_repr": "BlockChain Fundamentals (part-time), Luzern | 07 Jan 2021 - 30 Jan 2021", "action_flag": 1, "change_message": "[{\"added\": {}}]"}}, {"model": "admin.logentry", "pk": 95, "fields": {"action_time": "2022-04-18T16:26:05.669Z", "user": 1, "content_type": 7, "object_id": "38", "object_repr": "BlockChain Fundamentals (part-time), Luzern | 07 Mar 2021 - 30 Mar 2021", "action_flag": 1, "change_message": "[{\"added\": {}}]"}}, {"model": "admin.logentry", "pk": 96, "fields": {"action_time": "2022-04-18T16:27:17.027Z", "user": 1, "content_type": 7, "object_id": "39", "object_repr": "BlockChain Fundamentals (part-time), Luzern | 07 Jun 2021 - 30 Jun 2021", "action_flag": 1, "change_message": "[{\"added\": {}}]"}}, {"model": "admin.logentry", "pk": 97, "fields": {"action_time": "2022-04-18T16:28:10.402Z", "user": 1, "content_type": 7, "object_id": "40", "object_repr": "BlockChain Fundamentals (part-time), Luzern | 07 Aug 2021 - 30 Aug 2021", "action_flag": 1, "change_message": "[{\"added\": {}}]"}}, {"model": "admin.logentry", "pk": 98, "fields": {"action_time": "2022-04-18T16:29:15.515Z", "user": 1, "content_type": 7, "object_id": "41", "object_repr": "BlockChain Fundamentals (part-time), Luzern | 07 Oct 2021 - 30 Oct 2021", "action_flag": 1, "change_message": "[{\"added\": {}}]"}}, {"model": "admin.logentry", "pk": 99, "fields": {"action_time": "2022-04-18T16:30:12.933Z", "user": 1, "content_type": 7, "object_id": "42", "object_repr": "BlockChain Fundamentals (part-time), Luzern | 07 Jan 2022 - 30 Jan 2022", "action_flag": 1, "change_message": "[{\"added\": {}}]"}}, {"model": "admin.logentry", "pk": 100, "fields": {"action_time": "2022-04-18T16:31:05.747Z", "user": 1, "content_type": 7, "object_id": "43", "object_repr": "BlockChain Fundamentals (part-time), Luzern | 07 Mar 2022 - 30 Mar 2022", "action_flag": 1, "change_message": "[{\"added\": {}}]"}}, {"model": "admin.logentry", "pk": 101, "fields": {"action_time": "2022-04-18T16:31:57.062Z", "user": 1, "content_type": 7, "object_id": "44", "object_repr": "BlockChain Fundamentals (part-time), Luzern | 07 Jun 2022 - 30 Jun 2022", "action_flag": 1, "change_message": "[{\"added\": {}}]"}}, {"model": "admin.logentry", "pk": 102, "fields": {"action_time": "2022-04-18T16:33:26.107Z", "user": 1, "content_type": 6, "object_id": "16", "object_repr": "Application object (16)", "action_flag": 1, "change_message": "[{\"added\": {}}]"}}, {"model": "admin.logentry", "pk": 103, "fields": {"action_time": "2022-04-18T19:05:24.285Z", "user": 1, "content_type": 6, "object_id": "17", "object_repr": "Application object (17)", "action_flag": 1, "change_message": "[{\"added\": {}}]"}}, {"model": "admin.logentry", "pk": 104, "fields": {"action_time": "2022-04-18T19:06:02.908Z", "user": 1, "content_type": 6, "object_id": "18", "object_repr": "Application object (18)", "action_flag": 1, "change_message": "[{\"added\": {}}]"}}, {"model": "admin.logentry", "pk": 105, "fields": {"action_time": "2022-04-18T19:07:13.870Z", "user": 1, "content_type": 6, "object_id": "19", "object_repr": "Application object (19)", "action_flag": 1, "change_message": "[{\"added\": {}}]"}}, {"model": "admin.logentry", "pk": 106, "fields": {"action_time": "2022-04-18T19:07:59.382Z", "user": 1, "content_type": 6, "object_id": "20", "object_repr": "Application object (20)", "action_flag": 1, "change_message": "[{\"added\": {}}]"}}, {"model": "admin.logentry", "pk": 107, "fields": {"action_time": "2022-04-18T19:08:34.105Z", "user": 1, "content_type": 6, "object_id": "21", "object_repr": "Application object (21)", "action_flag": 1, "change_message": "[{\"added\": {}}]"}}, {"model": "admin.logentry", "pk": 108, "fields": {"action_time": "2022-04-18T19:09:25.520Z", "user": 1, "content_type": 6, "object_id": "22", "object_repr": "Application object (22)", "action_flag": 1, "change_message": "[{\"added\": {}}]"}}, {"model": "admin.logentry", "pk": 109, "fields": {"action_time": "2022-04-18T19:10:00.675Z", "user": 1, "content_type": 6, "object_id": "23", "object_repr": "Application object (23)", "action_flag": 1, "change_message": "[{\"added\": {}}]"}}, {"model": "admin.logentry", "pk": 110, "fields": {"action_time": "2022-04-18T19:11:38.983Z", "user": 1, "content_type": 7, "object_id": "45", "object_repr": "Full-Stack Bootcamp (full-time), Zurich | 07 Jul 2022 - 30 Sep 2022", "action_flag": 1, "change_message": "[{\"added\": {}}]"}}, {"model": "admin.logentry", "pk": 111, "fields": {"action_time": "2022-04-18T19:12:23.402Z", "user": 1, "content_type": 7, "object_id": "46", "object_repr": "Data Science Full Time (full-time), Zurich | 07 Jul 2022 - 30 Sep 2022", "action_flag": 1, "change_message": "[{\"added\": {}}]"}}, {"model": "admin.logentry", "pk": 112, "fields": {"action_time": "2022-04-18T19:13:13.170Z", "user": 1, "content_type": 6, "object_id": "24", "object_repr": "Application object (24)", "action_flag": 1, "change_message": "[{\"added\": {}}]"}}, {"model": "admin.logentry", "pk": 113, "fields": {"action_time": "2022-04-18T19:13:53.975Z", "user": 1, "content_type": 6, "object_id": "25", "object_repr": "Application object (25)", "action_flag": 1, "change_message": "[{\"added\": {}}]"}}, {"model": "admin.logentry", "pk": 114, "fields": {"action_time": "2022-04-18T19:14:39.677Z", "user": 1, "content_type": 6, "object_id": "26", "object_repr": "Application object (26)", "action_flag": 1, "change_message": "[{\"added\": {}}]"}}, {"model": "admin.logentry", "pk": 115, "fields": {"action_time": "2022-04-18T19:15:15.309Z", "user": 1, "content_type": 6, "object_id": "27", "object_repr": "Application object (27)", "action_flag": 1, "change_message": "[{\"added\": {}}]"}}, {"model": "admin.logentry", "pk": 116, "fields": {"action_time": "2022-04-18T19:15:57.021Z", "user": 1, "content_type": 6, "object_id": "28", "object_repr": "Application object (28)", "action_flag": 1, "change_message": "[{\"added\": {}}]"}}, {"model": "admin.logentry", "pk": 117, "fields": {"action_time": "2022-04-18T19:16:38.561Z", "user": 1, "content_type": 6, "object_id": "29", "object_repr": "Application object (29)", "action_flag": 1, "change_message": "[{\"added\": {}}]"}}, {"model": "admin.logentry", "pk": 118, "fields": {"action_time": "2022-04-18T19:17:21.216Z", "user": 1, "content_type": 6, "object_id": "30", "object_repr": "Application object (30)", "action_flag": 1, "change_message": "[{\"added\": {}}]"}}, {"model": "admin.logentry", "pk": 119, "fields": {"action_time": "2022-04-18T19:18:16.534Z", "user": 1, "content_type": 6, "object_id": "31", "object_repr": "Application object (31)", "action_flag": 1, "change_message": "[{\"added\": {}}]"}}, {"model": "admin.logentry", "pk": 120, "fields": {"action_time": "2022-04-18T19:18:59.187Z", "user": 1, "content_type": 6, "object_id": "32", "object_repr": "Application object (32)", "action_flag": 1, "change_message": "[{\"added\": {}}]"}}, {"model": "admin.logentry", "pk": 121, "fields": {"action_time": "2022-04-18T19:19:36.353Z", "user": 1, "content_type": 6, "object_id": "33", "object_repr": "Application object (33)", "action_flag": 1, "change_message": "[{\"added\": {}}]"}}, {"model": "admin.logentry", "pk": 122, "fields": {"action_time": "2022-04-18T19:20:08.733Z", "user": 1, "content_type": 6, "object_id": "34", "object_repr": "Application object (34)", "action_flag": 1, "change_message": "[{\"added\": {}}]"}}, {"model": "admin.logentry", "pk": 123, "fields": {"action_time": "2022-04-18T19:20:48.051Z", "user": 1, "content_type": 6, "object_id": "35", "object_repr": "Application object (35)", "action_flag": 1, "change_message": "[{\"added\": {}}]"}}, {"model": "admin.logentry", "pk": 124, "fields": {"action_time": "2022-04-18T19:21:20.439Z", "user": 1, "content_type": 6, "object_id": "36", "object_repr": "Application object (36)", "action_flag": 1, "change_message": "[{\"added\": {}}]"}}, {"model": "admin.logentry", "pk": 125, "fields": {"action_time": "2022-04-22T13:42:12.626Z", "user": 1, "content_type": 6, "object_id": "27", "object_repr": "Application object (27)", "action_flag": 2, "change_message": "[{\"changed\": {\"fields\": [\"Personal\"]}}]"}}, {"model": "admin.logentry", "pk": 126, "fields": {"action_time": "2022-04-22T13:43:30.438Z", "user": 1, "content_type": 6, "object_id": "27", "object_repr": "Application object (27)", "action_flag": 2, "change_message": "[{\"changed\": {\"fields\": [\"Street\", \"City\", \"Zip/postal code\", \"Country\", \"Company email\", \"Company name\", \"Linkedin profile\", \"Coding\", \"Goal\", \"How you found us\", \"Remote\", \"Referral code\", \"P. passed\", \"Personal interview comments\", \"Technical\", \"T. passed\", \"Technical interview comments\", \"Accepted\", \"Preparation work access\", \"Deposit\", \"Paid\", \"Notes\", \"Status\"]}}]"}}, {"model": "admin.logentry", "pk": 127, "fields": {"action_time": "2022-04-24T11:17:00.877Z", "user": 1, "content_type": 6, "object_id": "37", "object_repr": "Application object (37)", "action_flag": 1, "change_message": "[{\"added\": {}}]"}}, {"model": "admin.logentry", "pk": 128, "fields": {"action_time": "2022-04-24T12:15:20.170Z", "user": 1, "content_type": 6, "object_id": "37", "object_repr": "Application object (37)", "action_flag": 2, "change_message": "[{\"changed\": {\"fields\": [\"Cv\"]}}]"}}, {"model": "admin.logentry", "pk": 129, "fields": {"action_time": "2022-04-24T12:15:32.672Z", "user": 1, "content_type": 6, "object_id": "37", "object_repr": "Application object (37)", "action_flag": 2, "change_message": "[{\"changed\": {\"fields\": [\"Cv\"]}}]"}}, {"model": "admin.logentry", "pk": 130, "fields": {"action_time": "2022-04-24T12:15:43.965Z", "user": 1, "content_type": 6, "object_id": "37", "object_repr": "Application object (37)", "action_flag": 2, "change_message": "[{\"changed\": {\"fields\": [\"Cv\"]}}]"}}, {"model": "auth.permission", "pk": 1, "fields": {"name": "Can add log entry", "content_type": 1, "codename": "add_logentry"}}, {"model": "auth.permission", "pk": 2, "fields": {"name": "Can change log entry", "content_type": 1, "codename": "change_logentry"}}, {"model": "auth.permission", "pk": 3, "fields": {"name": "Can delete log entry", "content_type": 1, "codename": "delete_logentry"}}, {"model": "auth.permission", "pk": 4, "fields": {"name": "Can view log entry", "content_type": 1, "codename": "view_logentry"}}, {"model": "auth.permission", "pk": 5, "fields": {"name": "Can add permission", "content_type": 2, "codename": "add_permission"}}, {"model": "auth.permission", "pk": 6, "fields": {"name": "Can change permission", "content_type": 2, "codename": "change_permission"}}, {"model": "auth.permission", "pk": 7, "fields": {"name": "Can delete permission", "content_type": 2, "codename": "delete_permission"}}, {"model": "auth.permission", "pk": 8, "fields": {"name": "Can view permission", "content_type": 2, "codename": "view_permission"}}, {"model": "auth.permission", "pk": 9, "fields": {"name": "Can add group", "content_type": 3, "codename": "add_group"}}, {"model": "auth.permission", "pk": 10, "fields": {"name": "Can change group", "content_type": 3, "codename": "change_group"}}, {"model": "auth.permission", "pk": 11, "fields": {"name": "Can delete group", "content_type": 3, "codename": "delete_group"}}, {"model": "auth.permission", "pk": 12, "fields": {"name": "Can view group", "content_type": 3, "codename": "view_group"}}, {"model": "auth.permission", "pk": 13, "fields": {"name": "Can add content type", "content_type": 4, "codename": "add_contenttype"}}, {"model": "auth.permission", "pk": 14, "fields": {"name": "Can change content type", "content_type": 4, "codename": "change_contenttype"}}, {"model": "auth.permission", "pk": 15, "fields": {"name": "Can delete content type", "content_type": 4, "codename": "delete_contenttype"}}, {"model": "auth.permission", "pk": 16, "fields": {"name": "Can view content type", "content_type": 4, "codename": "view_contenttype"}}, {"model": "auth.permission", "pk": 17, "fields": {"name": "Can add session", "content_type": 5, "codename": "add_session"}}, {"model": "auth.permission", "pk": 18, "fields": {"name": "Can change session", "content_type": 5, "codename": "change_session"}}, {"model": "auth.permission", "pk": 19, "fields": {"name": "Can delete session", "content_type": 5, "codename": "delete_session"}}, {"model": "auth.permission", "pk": 20, "fields": {"name": "Can view session", "content_type": 5, "codename": "view_session"}}, {"model": "auth.permission", "pk": 21, "fields": {"name": "Can add application", "content_type": 6, "codename": "add_application"}}, {"model": "auth.permission", "pk": 22, "fields": {"name": "Can change application", "content_type": 6, "codename": "change_application"}}, {"model": "auth.permission", "pk": 23, "fields": {"name": "Can delete application", "content_type": 6, "codename": "delete_application"}}, {"model": "auth.permission", "pk": 24, "fields": {"name": "Can view application", "content_type": 6, "codename": "view_application"}}, {"model": "auth.permission", "pk": 25, "fields": {"name": "Can add bootcamp", "content_type": 7, "codename": "add_bootcamp"}}, {"model": "auth.permission", "pk": 26, "fields": {"name": "Can change bootcamp", "content_type": 7, "codename": "change_bootcamp"}}, {"model": "auth.permission", "pk": 27, "fields": {"name": "Can delete bootcamp", "content_type": 7, "codename": "delete_bootcamp"}}, {"model": "auth.permission", "pk": 28, "fields": {"name": "Can view bootcamp", "content_type": 7, "codename": "view_bootcamp"}}, {"model": "auth.permission", "pk": 29, "fields": {"name": "Can add bootcamp location", "content_type": 8, "codename": "add_bootcamplocation"}}, {"model": "auth.permission", "pk": 30, "fields": {"name": "Can change bootcamp location", "content_type": 8, "codename": "change_bootcamplocation"}}, {"model": "auth.permission", "pk": 31, "fields": {"name": "Can delete bootcamp location", "content_type": 8, "codename": "delete_bootcamplocation"}}, {"model": "auth.permission", "pk": 32, "fields": {"name": "Can view bootcamp location", "content_type": 8, "codename": "view_bootcamplocation"}}, {"model": "auth.permission", "pk": 33, "fields": {"name": "Can add bootcamp student relation", "content_type": 9, "codename": "add_bootcampstudentrelation"}}, {"model": "auth.permission", "pk": 34, "fields": {"name": "Can change bootcamp student relation", "content_type": 9, "codename": "change_bootcampstudentrelation"}}, {"model": "auth.permission", "pk": 35, "fields": {"name": "Can delete bootcamp student relation", "content_type": 9, "codename": "delete_bootcampstudentrelation"}}, {"model": "auth.permission", "pk": 36, "fields": {"name": "Can view bootcamp student relation", "content_type": 9, "codename": "view_bootcampstudentrelation"}}, {"model": "auth.permission", "pk": 37, "fields": {"name": "Can add bootcamp type", "content_type": 10, "codename": "add_bootcamptype"}}, {"model": "auth.permission", "pk": 38, "fields": {"name": "Can change bootcamp type", "content_type": 10, "codename": "change_bootcamptype"}}, {"model": "auth.permission", "pk": 39, "fields": {"name": "Can delete bootcamp type", "content_type": 10, "codename": "delete_bootcamptype"}}, {"model": "auth.permission", "pk": 40, "fields": {"name": "Can view bootcamp type", "content_type": 10, "codename": "view_bootcamptype"}}, {"model": "auth.permission", "pk": 41, "fields": {"name": "Can add user", "content_type": 11, "codename": "add_user"}}, {"model": "auth.permission", "pk": 42, "fields": {"name": "Can change user", "content_type": 11, "codename": "change_user"}}, {"model": "auth.permission", "pk": 43, "fields": {"name": "Can delete user", "content_type": 11, "codename": "delete_user"}}, {"model": "auth.permission", "pk": 44, "fields": {"name": "Can view user", "content_type": 11, "codename": "view_user"}}, {"model": "contenttypes.contenttype", "pk": 1, "fields": {"app_label": "admin", "model": "logentry"}}, {"model": "contenttypes.contenttype", "pk": 2, "fields": {"app_label": "auth", "model": "permission"}}, {"model": "contenttypes.contenttype", "pk": 3, "fields": {"app_label": "auth", "model": "group"}}, {"model": "contenttypes.contenttype", "pk": 4, "fields": {"app_label": "contenttypes", "model": "contenttype"}}, {"model": "contenttypes.contenttype", "pk": 5, "fields": {"app_label": "sessions", "model": "session"}}, {"model": "contenttypes.contenttype", "pk": 6, "fields": {"app_label": "applications", "model": "application"}}, {"model": "contenttypes.contenttype", "pk": 7, "fields": {"app_label": "bootcamps", "model": "bootcamp"}}, {"model": "contenttypes.contenttype", "pk": 8, "fields": {"app_label": "bootcampLocations", "model": "bootcamplocation"}}, {"model": "contenttypes.contenttype", "pk": 9, "fields": {"app_label": "bootcampStudentRelations", "model": "bootcampstudentrelation"}}, {"model": "contenttypes.contenttype", "pk": 10, "fields": {"app_label": "bootcampTypes", "model": "bootcamptype"}}, {"model": "contenttypes.contenttype", "pk": 11, "fields": {"app_label": "users", "model": "user"}}, {"model": "sessions.session", "pk": "ij2mliqwldzfy5e6ivki3uielc9ewutl", "fields": {"session_data": ".eJxVjDsOwjAQBe_iGln-4awp6XMGa-Nd4wCypTipEHeHSCmgfTPzXiLitpa4dV7iTOIitDj9bhOmB9cd0B3rrcnU6rrMk9wVedAux0b8vB7u30HBXr518MYSnNGRhmxzBgYO6NWAROQTawtIJkHQARktqEw8oDNKhUTknHh_APpgOKE:1neYwW:cv3Rs3Pr29nsbT2hrZckypp1VMqZ2rtjYrCJltKeywU", "expire_date": "2022-04-27T09:05:40.414Z"}}, {"model": "applications.application", "pk": 16, "fields": {"created": "2022-04-18T16:33:26.079Z", "modified": "2022-04-18T16:33:26.079Z", "bootcamp": 32, "currency": "CHF", "first_name": "Hanz", "last_name": "Gregor", "street": "", "city": "", "zip": "", "country": "", "company_email": "", "company_name": "", "email": "mail@mail.com", "linkedin_profile": null, "cv": "", "programming_level": null, "goal": "", "how_you_found_us": null, "remote": null, "referral_code": null, "applied": "2022-04-18", "unemployment_office": false, "personal": null, "personal_passed": null, "personal_comments": "", "technical": null, "technical_opt2": null, "technical_passed": null, "technical_comments": "", "accepted": null, "preparation_work_access": null, "reserve_tuition_paid": null, "paid": null, "notes": "", "status": "graduated"}}, {"model": "applications.application", "pk": 17, "fields": {"created": "2022-04-18T19:05:24.265Z", "modified": "2022-04-18T19:05:24.265Z", "bootcamp": 32, "currency": "CHF", "first_name": "Clara", "last_name": "Gregor", "street": "", "city": "", "zip": "", "country": "", "company_email": "", "company_name": "", "email": "gregor@mail.com", "linkedin_profile": null, "cv": "", "programming_level": null, "goal": "", "how_you_found_us": null, "remote": null, "referral_code": null, "applied": "2022-04-18", "unemployment_office": false, "personal": null, "personal_passed": null, "personal_comments": "", "technical": null, "technical_opt2": null, "technical_passed": null, "technical_comments": "", "accepted": null, "preparation_work_access": null, "reserve_tuition_paid": null, "paid": null, "notes": "", "status": "graduated"}}, {"model": "applications.application", "pk": 18, "fields": {"created": "2022-04-18T19:06:02.895Z", "modified": "2022-04-18T19:06:02.896Z", "bootcamp": 32, "currency": "EUR", "first_name": "Fritz", "last_name": "Weber", "street": "", "city": "", "zip": "", "country": "", "company_email": "", "company_name": "", "email": "mail@mailton.com", "linkedin_profile": null, "cv": "", "programming_level": null, "goal": "", "how_you_found_us": null, "remote": null, "referral_code": null, "applied": "2022-04-18", "unemployment_office": false, "personal": null, "personal_passed": null, "personal_comments": "", "technical": null, "technical_opt2": null, "technical_passed": null, "technical_comments": "", "accepted": null, "preparation_work_access": null, "reserve_tuition_paid": null, "paid": null, "notes": "", "status": "graduated"}}, {"model": "applications.application", "pk": 19, "fields": {"created": "2022-04-18T19:07:13.867Z", "modified": "2022-04-18T19:07:13.867Z", "bootcamp": 32, "currency": "EUR", "first_name": "Gustav", "last_name": "Ganzig", "street": "", "city": "", "zip": "", "country": "", "company_email": "", "company_name": "", "email": "G@mail.com", "linkedin_profile": null, "cv": "", "programming_level": null, "goal": "", "how_you_found_us": null, "remote": null, "referral_code": null, "applied": "2020-01-01", "unemployment_office": false, "personal": null, "personal_passed": null, "personal_comments": "", "technical": null, "technical_opt2": null, "technical_passed": null, "technical_comments": "", "accepted": null, "preparation_work_access": null, "reserve_tuition_paid": null, "paid": null, "notes": "", "status": "graduated"}}, {"model": "applications.application", "pk": 20, "fields": {"created": "2022-04-18T19:07:59.378Z", "modified": "2022-04-18T19:07:59.379Z", "bootcamp": 32, "currency": "EUR", "first_name": "Maurice", "last_name": "Domning", "street": "", "city": "", "zip": "", "country": "", "company_email": "", "company_name": "", "email": "d@mail.com", "linkedin_profile": null, "cv": "", "programming_level": null, "goal": "", "how_you_found_us": null, "remote": null, "referral_code": null, "applied": "2020-01-06", "unemployment_office": false, "personal": null, "personal_passed": null, "personal_comments": "", "technical": null, "technical_opt2": null, "technical_passed": null, "technical_comments": "", "accepted": null, "preparation_work_access": null, "reserve_tuition_paid": null, "paid": null, "notes": "", "status": "not_serious"}}, {"model": "applications.application", "pk": 21, "fields": {"created": "2022-04-18T19:08:34.103Z", "modified": "2022-04-18T19:08:34.103Z", "bootcamp": 22, "currency": "CHF", "first_name": "Astrid", "last_name": "Brüning", "street": "", "city": "", "zip": "", "country": "", "company_email": "", "company_name": "", "email": "ab@mail.com", "linkedin_profile": null, "cv": "", "programming_level": null, "goal": "", "how_you_found_us": null, "remote": null, "referral_code": null, "applied": "2019-12-28", "unemployment_office": false, "personal": null, "personal_passed": null, "personal_comments": "", "technical": null, "technical_opt2": null, "technical_passed": null, "technical_comments": "", "accepted": null, "preparation_work_access": null, "reserve_tuition_paid": null, "paid": null, "notes": "", "status": "graduated"}}, {"model": "applications.application", "pk": 22, "fields": {"created": "2022-04-18T19:09:25.518Z", "modified": "2022-04-18T19:09:25.518Z", "bootcamp": 22, "currency": "EUR", "first_name": "Hugo", "last_name": "Boss", "street": "", "city": "", "zip": "", "country": "", "company_email": "", "company_name": "", "email": "boss@mail.com", "linkedin_profile": null, "cv": "", "programming_level": null, "goal": "", "how_you_found_us": null, "remote": null, "referral_code": null, "applied": "2019-12-29", "unemployment_office": false, "personal": null, "personal_passed": null, "personal_comments": "", "technical": null, "technical_opt2": null, "technical_passed": null, "technical_comments": "", "accepted": null, "preparation_work_access": null, "reserve_tuition_paid": null, "paid": null, "notes": "", "status": "graduated"}}, {"model": "applications.application", "pk": 23, "fields": {"created": "2022-04-18T19:10:00.673Z", "modified": "2022-04-18T19:10:00.673Z", "bootcamp": 22, "currency": "EUR", "first_name": "Peter", "last_name": "Meier", "street": "", "city": "", "zip": "", "country": "", "company_email": "", "company_name": "", "email": "p@mail.com", "linkedin_profile": null, "cv": "", "programming_level": null, "goal": "", "how_you_found_us": null, "remote": null, "referral_code": null, "applied": "2020-01-06", "unemployment_office": false, "personal": null, "personal_passed": null, "personal_comments": "", "technical": null, "technical_opt2": null, "technical_passed": null, "technical_comments": "", "accepted": null, "preparation_work_access": null, "reserve_tuition_paid": null, "paid": null, "notes": "", "status": "not_serious"}}, {"model": "applications.application", "pk": 24, "fields": {"created": "2022-04-18T19:13:13.166Z", "modified": "2022-04-18T19:13:13.166Z", "bootcamp": 46, "currency": "CHF", "first_name": "Frank", "last_name": "Frankmeier", "street": "", "city": "", "zip": "", "country": "", "company_email": "", "company_name": "", "email": "frank@mail.com", "linkedin_profile": null, "cv": "", "programming_level": null, "goal": "", "how_you_found_us": null, "remote": null, "referral_code": null, "applied": "2022-03-09", "unemployment_office": false, "personal": null, "personal_passed": null, "personal_comments": "", "technical": null, "technical_opt2": null, "technical_passed": null, "technical_comments": "", "accepted": null, "preparation_work_access": null, "reserve_tuition_paid": null, "paid": null, "notes": "", "status": "serious"}}, {"model": "applications.application", "pk": 25, "fields": {"created": "2022-04-18T19:13:53.972Z", "modified": "2022-04-18T19:13:53.972Z", "bootcamp": 46, "currency": "EUR", "first_name": "Karl", "last_name": "Karlson", "street": "", "city": "", "zip": "", "country": "", "company_email": "", "company_name": "", "email": "vom@Dach.com", "linkedin_profile": null, "cv": "", "programming_level": null, "goal": "", "how_you_found_us": null, "remote": null, "referral_code": null, "applied": "2022-02-12", "unemployment_office": false, "personal": null, "personal_passed": null, "personal_comments": "", "technical": null, "technical_opt2": null, "technical_passed": null, "technical_comments": "", "accepted": null, "preparation_work_access": null, "reserve_tuition_paid": null, "paid": null, "notes": "", "status": "serious"}}, {"model": "applications.application", "pk": 26, "fields": {"created": "2022-04-18T19:14:39.665Z", "modified": "2022-04-18T19:14:39.666Z", "bootcamp": 46, "currency": "CHF", "first_name": "Lutz", "last_name": "Venhofen", "street": "", "city": "", "zip": "", "country": "", "company_email": "", "company_name": "", "email": "mail@ven.com", "linkedin_profile": null, "cv": "", "programming_level": null, "goal": "", "how_you_found_us": null, "remote": null, "referral_code": null, "applied": "2022-03-18", "unemployment_office": false, "personal": null, "personal_passed": null, "personal_comments": "", "technical": null, "technical_opt2": null, "technical_passed": null, "technical_comments": "", "accepted": null, "preparation_work_access": null, "reserve_tuition_paid": null, "paid": null, "notes": "", "status": "not_serious"}}, {"model": "applications.application", "pk": 27, "fields": {"created": "2022-04-18T19:15:15.306Z", "modified": "2022-04-22T14:45:29.125Z", "bootcamp": 45, "currency": "CHF", "first_name": "Bill", "last_name": "Gates", "street": "Langstrasse 14", "city": "Zürich", "zip": "8000", "country": "Schweiz", "company_email": "com@mail.com", "company_name": "Com", "email": "micro@mail.com", "linkedin_profile": "www.linked.de", "cv": "", "programming_level": "some", "goal": "all good", "how_you_found_us": "google", "remote": "yes", "referral_code": "123456", "applied": "2022-04-22", "unemployment_office": false, "personal": "2022-04-22T13:41:54Z", "personal_passed": true, "personal_comments": "grea", "technical": "2022-04-22T13:43:11Z", "technical_opt2": null, "technical_passed": false, "technical_comments": "bad", "accepted": true, "preparation_work_access": false, "reserve_tuition_paid": true, "paid": false, "notes": "habibi", "status": "enrolled"}}, {"model": "applications.application", "pk": 28, "fields": {"created": "2022-04-18T19:15:57.017Z", "modified": "2022-04-18T19:15:57.017Z", "bootcamp": 45, "currency": "EUR", "first_name": "Steve", "last_name": "Jobs", "street": "", "city": "", "zip": "", "country": "", "company_email": "", "company_name": "", "email": "Pear@mail.com", "linkedin_profile": null, "cv": "", "programming_level": null, "goal": "", "how_you_found_us": null, "remote": null, "referral_code": null, "applied": "2022-04-17", "unemployment_office": false, "personal": null, "personal_passed": null, "personal_comments": "", "technical": null, "technical_opt2": null, "technical_passed": null, "technical_comments": "", "accepted": null, "preparation_work_access": null, "reserve_tuition_paid": null, "paid": null, "notes": "", "status": "serious"}}, {"model": "applications.application", "pk": 29, "fields": {"created": "2022-04-18T19:16:38.558Z", "modified": "2022-04-18T19:16:38.558Z", "bootcamp": 44, "currency": "EUR", "first_name": "Martin", "last_name": "Schlottmann", "street": "", "city": "", "zip": "", "country": "", "company_email": "", "company_name": "", "email": "mail@schlott.com", "linkedin_profile": null, "cv": "", "programming_level": null, "goal": "", "how_you_found_us": null, "remote": null, "referral_code": null, "applied": "2022-02-16", "unemployment_office": false, "personal": null, "personal_passed": null, "personal_comments": "", "technical": null, "technical_opt2": null, "technical_passed": null, "technical_comments": "", "accepted": null, "preparation_work_access": null, "reserve_tuition_paid": null, "paid": null, "notes": "", "status": "serious"}}, {"model": "applications.application", "pk": 30, "fields": {"created": "2022-04-18T19:17:21.212Z", "modified": "2022-04-18T19:17:21.212Z", "bootcamp": 44, "currency": "EUR", "first_name": "Janos", "last_name": "Schalke", "street": "", "city": "", "zip": "", "country": "", "company_email": "", "company_name": "", "email": "schalke@schalke.com", "linkedin_profile": null, "cv": "", "programming_level": null, "goal": "", "how_you_found_us": null, "remote": null, "referral_code": null, "applied": "2022-01-01", "unemployment_office": false, "personal": null, "personal_passed": null, "personal_comments": "", "technical": null, "technical_opt2": null, "technical_passed": null, "technical_comments": "", "accepted": null, "preparation_work_access": null, "reserve_tuition_paid": null, "paid": null, "notes": "", "status": "enrolled"}}, {"model": "applications.application", "pk": 31, "fields": {"created": "2022-04-18T19:18:16.530Z", "modified": "2022-04-18T19:18:16.530Z", "bootcamp": 44, "currency": "CHF", "first_name": "Maik", "last_name": "Fehre", "street": "", "city": "", "zip": "", "country": "", "company_email": "", "company_name": "", "email": "Fehre@ehre.com", "linkedin_profile": null, "cv": "", "programming_level": null, "goal": "", "how_you_found_us": null, "remote": null, "referral_code": null, "applied": "2022-02-10", "unemployment_office": false, "personal": null, "personal_passed": null, "personal_comments": "", "technical": null, "technical_opt2": null, "technical_passed": null, "technical_comments": "", "accepted": null, "preparation_work_access": null, "reserve_tuition_paid": null, "paid": null, "notes": "", "status": "enrolled"}}, {"model": "applications.application", "pk": 32, "fields": {"created": "2022-04-18T19:18:59.185Z", "modified": "2022-04-18T19:18:59.185Z", "bootcamp": 45, "currency": "CHF", "first_name": "Pipi", "last_name": "Langstrumpf", "street": "", "city": "", "zip": "", "country": "", "company_email": "", "company_name": "", "email": "einHaus@xn--ffchen-9ta.com", "linkedin_profile": null, "cv": "", "programming_level": null, "goal": "", "how_you_found_us": null, "remote": null, "referral_code": null, "applied": "2021-12-18", "unemployment_office": false, "personal": null, "personal_passed": null, "personal_comments": "", "technical": null, "technical_opt2": null, "technical_passed": null, "technical_comments": "", "accepted": null, "preparation_work_access": null, "reserve_tuition_paid": null, "paid": null, "notes": "", "status": "enrolled"}}, {"model": "applications.application", "pk": 33, "fields": {"created": "2022-04-18T19:19:36.349Z", "modified": "2022-04-18T19:19:36.349Z", "bootcamp": 44, "currency": "EUR", "first_name": "Hubertus", "last_name": "Tropfen", "street": "", "city": "", "zip": "", "country": "", "company_email": "", "company_name": "", "email": "Tropfen@schnips.com", "linkedin_profile": null, "cv": "", "programming_level": null, "goal": "", "how_you_found_us": null, "remote": null, "referral_code": null, "applied": "2021-12-10", "unemployment_office": false, "personal": null, "personal_passed": null, "personal_comments": "", "technical": null, "technical_opt2": null, "technical_passed": null, "technical_comments": "", "accepted": null, "preparation_work_access": null, "reserve_tuition_paid": null, "paid": null, "notes": "", "status": "enrolled"}}, {"model": "applications.application", "pk": 34, "fields": {"created": "2022-04-18T19:20:08.730Z", "modified": "2022-04-18T19:20:08.730Z", "bootcamp": 45, "currency": "EUR", "first_name": "Will", "last_name": "Smith", "street": "", "city": "", "zip": "", "country": "", "company_email": "", "company_name": "", "email": "smith@williboy.com", "linkedin_profile": null, "cv": "", "programming_level": null, "goal": "", "how_you_found_us": null, "remote": null, "referral_code": null, "applied": "2021-11-30", "unemployment_office": false, "personal": null, "personal_passed": null, "personal_comments": "", "technical": null, "technical_opt2": null, "technical_passed": null, "technical_comments": "", "accepted": null, "preparation_work_access": null, "reserve_tuition_paid": null, "paid": null, "notes": "", "status": "dropped_out"}}, {"model": "applications.application", "pk": 35, "fields": {"created": "2022-04-18T19:20:48.043Z", "modified": "2022-04-18T19:20:48.043Z", "bootcamp": 31, "currency": "EUR", "first_name": "Maurice", "last_name": "Domning", "street": "", "city": "", "zip": "", "country": "", "company_email": "", "company_name": "", "email": "dom@mail.com", "linkedin_profile": null, "cv": "", "programming_level": null, "goal": "", "how_you_found_us": null, "remote": null, "referral_code": null, "applied": "2021-11-21", "unemployment_office": false, "personal": null, "personal_passed": null, "personal_comments": "", "technical": null, "technical_opt2": null, "technical_passed": null, "technical_comments": "", "accepted": null, "preparation_work_access": null, "reserve_tuition_paid": null, "paid": null, "notes": "", "status": "enrolled"}}, {"model": "applications.application", "pk": 36, "fields": {"created": "2022-04-18T19:21:20.433Z", "modified": "2022-04-18T19:21:20.434Z", "bootcamp": 44, "currency": "EUR", "first_name": "Kurt", "last_name": "Krömer", "street": "", "city": "", "zip": "", "country": "", "company_email": "", "company_name": "", "email": "mail@mailmail.com", "linkedin_profile": null, "cv": "", "programming_level": null, "goal": "", "how_you_found_us": null, "remote": null, "referral_code": null, "applied": "2021-10-13", "unemployment_office": false, "personal": null, "personal_passed": null, "personal_comments": "", "technical": null, "technical_opt2": null, "technical_passed": null, "technical_comments": "", "accepted": null, "preparation_work_access": null, "reserve_tuition_paid": null, "paid": null, "notes": "", "status": "enrolled"}}, {"model": "applications.application", "pk": 37, "fields": {"created": "2022-04-24T11:17:00.845Z", "modified": "2022-04-24T12:15:43.935Z", "bootcamp": 21, "currency": "EUR", "first_name": "Max", "last_name": "Brüning", "street": "", "city": "", "zip": "", "country": "", "company_email": "", "company_name": "", "email": "mail@mail.dom", "linkedin_profile": null, "cv": "cv/Lebenslauf_Wcl3e4g.pdf", "programming_level": null, "goal": "", "how_you_found_us": null, "remote": null, "referral_code": null, "applied": "2022-04-24", "unemployment_office": false, "personal": null, "personal_passed": null, "personal_comments": "", "technical": null, "technical_opt2": null, "technical_passed": null, "technical_comments": "", "accepted": null, "preparation_work_access": null, "reserve_tuition_paid": null, "paid": null, "notes": "", "status": null}}, {"model": "bootcamps.bootcamp", "pk": 12, "fields": {"created": "2022-04-18T15:52:51.937Z", "modified": "2022-04-18T15:52:51.937Z", "name": "Data Science 1 20", "bootcamp_type": 2, "bootcamp_location": 1, "early_apply_by": "2019-11-30", "apply_by": "2019-12-30", "start_date": "2020-01-07", "end_date": "2020-03-31", "active": false, "is_part_time": false, "is_in_person": true, "is_remote": true}}, {"model": "bootcamps.bootcamp", "pk": 13, "fields": {"created": "2022-04-18T15:54:05.346Z", "modified": "2022-04-18T15:54:05.347Z", "name": "Data Science 02 20", "bootcamp_type": 2, "bootcamp_location": 1, "early_apply_by": "2020-02-29", "apply_by": "2020-03-30", "start_date": "2020-04-07", "end_date": "2020-06-30", "active": false, "is_part_time": false, "is_in_person": true, "is_remote": true}}, {"model": "bootcamps.bootcamp", "pk": 14, "fields": {"created": "2022-04-18T15:55:50.718Z", "modified": "2022-04-18T15:55:50.718Z", "name": "Data Science 2 20", "bootcamp_type": 2, "bootcamp_location": 1, "early_apply_by": "2020-05-30", "apply_by": "2020-06-30", "start_date": "2020-07-07", "end_date": "2020-09-30", "active": false, "is_part_time": false, "is_in_person": true, "is_remote": true}}, {"model": "bootcamps.bootcamp", "pk": 15, "fields": {"created": "2022-04-18T15:57:06.628Z", "modified": "2022-04-18T15:57:06.628Z", "name": "Data Science 4 20", "bootcamp_type": 2, "bootcamp_location": 1, "early_apply_by": "2020-06-30", "apply_by": "2020-07-30", "start_date": "2020-08-07", "end_date": "2020-10-31", "active": false, "is_part_time": false, "is_in_person": true, "is_remote": true}}, {"model": "bootcamps.bootcamp", "pk": 16, "fields": {"created": "2022-04-18T15:58:19.140Z", "modified": "2022-04-18T15:58:19.140Z", "name": "Data Science 1 21", "bootcamp_type": 2, "bootcamp_location": 1, "early_apply_by": "2020-11-30", "apply_by": "2020-12-31", "start_date": "2021-01-07", "end_date": "2021-03-30", "active": false, "is_part_time": false, "is_in_person": true, "is_remote": true}}, {"model": "bootcamps.bootcamp", "pk": 17, "fields": {"created": "2022-04-18T15:59:44.787Z", "modified": "2022-04-18T15:59:44.787Z", "name": "Data Science 2 21", "bootcamp_type": 2, "bootcamp_location": 1, "early_apply_by": "2021-02-28", "apply_by": "2021-03-30", "start_date": "2021-04-07", "end_date": "2021-06-30", "active": false, "is_part_time": false, "is_in_person": true, "is_remote": true}}, {"model": "bootcamps.bootcamp", "pk": 18, "fields": {"created": "2022-04-18T16:00:40.644Z", "modified": "2022-04-18T16:00:40.644Z", "name": "Data Science 3 21", "bootcamp_type": 2, "bootcamp_location": 1, "early_apply_by": "2021-05-30", "apply_by": "2021-06-30", "start_date": "2021-07-07", "end_date": "2021-09-30", "active": false, "is_part_time": false, "is_in_person": true, "is_remote": true}}, {"model": "bootcamps.bootcamp", "pk": 19, "fields": {"created": "2022-04-18T16:01:51.059Z", "modified": "2022-04-18T16:01:51.060Z", "name": "Data Science 4 21", "bootcamp_type": 2, "bootcamp_location": 1, "early_apply_by": "2021-06-30", "apply_by": "2021-07-30", "start_date": "2021-08-07", "end_date": "2021-10-30", "active": false, "is_part_time": false, "is_in_person": true, "is_remote": true}}, {"model": "bootcamps.bootcamp", "pk": 20, "fields": {"created": "2022-04-18T16:03:43.644Z", "modified": "2022-04-18T16:03:43.644Z", "name": "Data Science 1 22", "bootcamp_type": 2, "bootcamp_location": 1, "early_apply_by": "2021-11-30", "apply_by": "2021-12-30", "start_date": "2022-01-07", "end_date": "2022-03-30", "active": false, "is_part_time": false, "is_in_person": true, "is_remote": true}}, {"model": "bootcamps.bootcamp", "pk": 21, "fields": {"created": "2022-04-18T16:05:02.811Z", "modified": "2022-04-18T16:05:25.082Z", "name": "Data Science 02 22", "bootcamp_type": 2, "bootcamp_location": 1, "early_apply_by": "2022-02-28", "apply_by": "2022-03-30", "start_date": "2022-04-07", "end_date": "2022-06-30", "active": false, "is_part_time": false, "is_in_person": true, "is_remote": true}}, {"model": "bootcamps.bootcamp", "pk": 22, "fields": {"created": "2022-04-18T16:09:11.926Z", "modified": "2022-04-18T16:09:11.926Z", "name": "Full Stack Part Time 01 20", "bootcamp_type": 1, "bootcamp_location": 2, "early_apply_by": "2019-11-30", "apply_by": "2019-12-30", "start_date": "2020-01-07", "end_date": "2020-03-30", "active": false, "is_part_time": true, "is_in_person": true, "is_remote": true}}, {"model": "bootcamps.bootcamp", "pk": 23, "fields": {"created": "2022-04-18T16:10:04.622Z", "modified": "2022-04-18T16:10:04.622Z", "name": "Full Stack Part time 02 20", "bootcamp_type": 1, "bootcamp_location": 2, "early_apply_by": "2020-02-28", "apply_by": "2020-03-30", "start_date": "2020-04-07", "end_date": "2020-06-30", "active": false, "is_part_time": true, "is_in_person": true, "is_remote": true}}, {"model": "bootcamps.bootcamp", "pk": 24, "fields": {"created": "2022-04-18T16:11:40.686Z", "modified": "2022-04-18T16:11:40.686Z", "name": "Full Stack Part Time 03 20", "bootcamp_type": 1, "bootcamp_location": 2, "early_apply_by": "2020-05-30", "apply_by": "2020-06-30", "start_date": "2020-07-07", "end_date": "2020-09-30", "active": false, "is_part_time": true, "is_in_person": true, "is_remote": true}}, {"model": "bootcamps.bootcamp", "pk": 25, "fields": {"created": "2022-04-18T16:12:50.864Z", "modified": "2022-04-18T16:12:50.864Z", "name": "Full Stack Part Time 3 20", "bootcamp_type": 1, "bootcamp_location": 2, "early_apply_by": "2020-06-30", "apply_by": "2020-07-30", "start_date": "2020-08-07", "end_date": "2020-10-31", "active": false, "is_part_time": true, "is_in_person": true, "is_remote": true}}, {"model": "bootcamps.bootcamp", "pk": 26, "fields": {"created": "2022-04-18T16:13:46.445Z", "modified": "2022-04-18T16:13:46.445Z", "name": "Full Stack Part Time 1 21", "bootcamp_type": 1, "bootcamp_location": 2, "early_apply_by": "2020-11-30", "apply_by": "2020-12-30", "start_date": "2021-01-07", "end_date": "2021-03-30", "active": false, "is_part_time": true, "is_in_person": true, "is_remote": true}}, {"model": "bootcamps.bootcamp", "pk": 27, "fields": {"created": "2022-04-18T16:14:27.218Z", "modified": "2022-04-23T12:47:24.628Z", "name": "Full Stack Part Time 2 21", "bootcamp_type": 1, "bootcamp_location": 2, "early_apply_by": "2021-02-28", "apply_by": "2021-03-30", "start_date": "2021-04-07", "end_date": "2021-06-30", "active": true, "is_part_time": false, "is_in_person": true, "is_remote": true}}, {"model": "bootcamps.bootcamp", "pk": 28, "fields": {"created": "2022-04-18T16:15:15.131Z", "modified": "2022-04-18T16:15:15.131Z", "name": "Full Stack Part Time 3 21", "bootcamp_type": 1, "bootcamp_location": 2, "early_apply_by": "2021-05-30", "apply_by": "2021-06-30", "start_date": "2021-07-07", "end_date": "2021-09-30", "active": false, "is_part_time": true, "is_in_person": true, "is_remote": true}}, {"model": "bootcamps.bootcamp", "pk": 29, "fields": {"created": "2022-04-18T16:16:10.696Z", "modified": "2022-04-18T16:16:10.696Z", "name": "Full Stack Part Time 4 21", "bootcamp_type": 1, "bootcamp_location": 2, "early_apply_by": "2021-06-30", "apply_by": "2021-07-30", "start_date": "2021-08-07", "end_date": "2021-10-30", "active": false, "is_part_time": true, "is_in_person": true, "is_remote": true}}, {"model": "bootcamps.bootcamp", "pk": 30, "fields": {"created": "2022-04-18T16:17:37.811Z", "modified": "2022-04-18T16:17:37.811Z", "name": "Full Stack Part Time 1 21", "bootcamp_type": 1, "bootcamp_location": 2, "early_apply_by": "2021-11-30", "apply_by": "2021-12-30", "start_date": "2022-01-07", "end_date": "2022-03-30", "active": false, "is_part_time": true, "is_in_person": true, "is_remote": true}}, {"model": "bootcamps.bootcamp", "pk": 31, "fields": {"created": "2022-04-18T16:18:36.882Z", "modified": "2022-04-18T16:18:36.882Z", "name": "Full Stack Part Time 2 22", "bootcamp_type": 1, "bootcamp_location": 2, "early_apply_by": "2022-02-28", "apply_by": "2022-03-30", "start_date": "2022-04-07", "end_date": "2022-06-30", "active": true, "is_part_time": true, "is_in_person": true, "is_remote": true}}, {"model": "bootcamps.bootcamp", "pk": 32, "fields": {"created": "2022-04-18T16:21:04.605Z", "modified": "2022-04-18T16:21:04.606Z", "name": "Blockchain Short 01 20", "bootcamp_type": 4, "bootcamp_location": 7, "early_apply_by": "2019-11-30", "apply_by": "2019-12-30", "start_date": "2020-01-07", "end_date": "2020-01-30", "active": false, "is_part_time": true, "is_in_person": false, "is_remote": true}}, {"model": "bootcamps.bootcamp", "pk": 33, "fields": {"created": "2022-04-18T16:21:56.518Z", "modified": "2022-04-18T16:21:56.518Z", "name": "Blockchain Short 2 20", "bootcamp_type": 4, "bootcamp_location": 7, "early_apply_by": "2020-01-30", "apply_by": "2020-02-28", "start_date": "2020-03-07", "end_date": "2020-03-30", "active": false, "is_part_time": true, "is_in_person": false, "is_remote": true}}, {"model": "bootcamps.bootcamp", "pk": 34, "fields": {"created": "2022-04-18T16:22:45.195Z", "modified": "2022-04-18T16:22:45.195Z", "name": "Blockchain Short 3 20", "bootcamp_type": 4, "bootcamp_location": 7, "early_apply_by": "2020-04-30", "apply_by": "2020-05-30", "start_date": "2020-06-07", "end_date": "2020-06-30", "active": false, "is_part_time": true, "is_in_person": false, "is_remote": true}}, {"model": "bootcamps.bootcamp", "pk": 35, "fields": {"created": "2022-04-18T16:23:40.035Z", "modified": "2022-04-18T16:23:40.035Z", "name": "Blockchain Short 4 20", "bootcamp_type": 4, "bootcamp_location": 7, "early_apply_by": "2020-06-30", "apply_by": "2020-07-30", "start_date": "2020-08-07", "end_date": "2020-08-30", "active": false, "is_part_time": true, "is_in_person": false, "is_remote": true}}, {"model": "bootcamps.bootcamp", "pk": 36, "fields": {"created": "2022-04-18T16:24:34.695Z", "modified": "2022-04-18T16:24:34.695Z", "name": "Blockchain Short 05 20", "bootcamp_type": 4, "bootcamp_location": 7, "early_apply_by": "2020-08-30", "apply_by": "2020-09-30", "start_date": "2020-10-07", "end_date": "2020-10-30", "active": false, "is_part_time": true, "is_in_person": false, "is_remote": true}}, {"model": "bootcamps.bootcamp", "pk": 37, "fields": {"created": "2022-04-18T16:25:24.653Z", "modified": "2022-04-18T16:25:24.653Z", "name": "Blockchain Short 01 21", "bootcamp_type": 4, "bootcamp_location": 7, "early_apply_by": "2020-11-30", "apply_by": "2020-12-30", "start_date": "2021-01-07", "end_date": "2021-01-30", "active": false, "is_part_time": true, "is_in_person": false, "is_remote": true}}, {"model": "bootcamps.bootcamp", "pk": 38, "fields": {"created": "2022-04-18T16:26:05.666Z", "modified": "2022-04-18T16:26:05.666Z", "name": "Blockchain Short 02 21", "bootcamp_type": 4, "bootcamp_location": 7, "early_apply_by": "2021-01-30", "apply_by": "2021-02-28", "start_date": "2021-03-07", "end_date": "2021-03-30", "active": false, "is_part_time": true, "is_in_person": false, "is_remote": true}}, {"model": "bootcamps.bootcamp", "pk": 39, "fields": {"created": "2022-04-18T16:27:17.024Z", "modified": "2022-04-18T16:27:17.024Z", "name": "Blockchain Short 03 20", "bootcamp_type": 4, "bootcamp_location": 7, "early_apply_by": "2021-04-30", "apply_by": "2021-05-30", "start_date": "2021-06-07", "end_date": "2021-06-30", "active": false, "is_part_time": true, "is_in_person": false, "is_remote": true}}, {"model": "bootcamps.bootcamp", "pk": 40, "fields": {"created": "2022-04-18T16:28:10.391Z", "modified": "2022-04-18T16:28:10.391Z", "name": "Blockchain Short 04 21", "bootcamp_type": 4, "bootcamp_location": 7, "early_apply_by": "2021-06-30", "apply_by": "2021-07-30", "start_date": "2021-08-07", "end_date": "2021-08-30", "active": false, "is_part_time": true, "is_in_person": false, "is_remote": true}}, {"model": "bootcamps.bootcamp", "pk": 41, "fields": {"created": "2022-04-18T16:29:15.506Z", "modified": "2022-04-18T16:29:15.506Z", "name": "Blockchain Short 5 21", "bootcamp_type": 4, "bootcamp_location": 7, "early_apply_by": "2021-08-30", "apply_by": "2021-09-30", "start_date": "2021-10-07", "end_date": "2021-10-30", "active": false, "is_part_time": true, "is_in_person": false, "is_remote": true}}, {"model": "bootcamps.bootcamp", "pk": 42, "fields": {"created": "2022-04-18T16:30:12.930Z", "modified": "2022-04-18T16:30:12.930Z", "name": "Blockchain Short 1 22", "bootcamp_type": 4, "bootcamp_location": 7, "early_apply_by": "2021-11-30", "apply_by": "2021-12-30", "start_date": "2022-01-07", "end_date": "2022-01-30", "active": false, "is_part_time": true, "is_in_person": false, "is_remote": true}}, {"model": "bootcamps.bootcamp", "pk": 43, "fields": {"created": "2022-04-18T16:31:05.744Z", "modified": "2022-04-18T16:31:05.744Z", "name": "Blockchain Short 2 22", "bootcamp_type": 4, "bootcamp_location": 7, "early_apply_by": "2022-01-30", "apply_by": "2022-02-28", "start_date": "2022-03-07", "end_date": "2022-03-30", "active": false, "is_part_time": true, "is_in_person": false, "is_remote": true}}, {"model": "bootcamps.bootcamp", "pk": 44, "fields": {"created": "2022-04-18T16:31:57.059Z", "modified": "2022-04-18T16:31:57.059Z", "name": "Blockchain Short 3 22", "bootcamp_type": 4, "bootcamp_location": 7, "early_apply_by": "2022-04-30", "apply_by": "2022-05-30", "start_date": "2022-06-07", "end_date": "2022-06-30", "active": false, "is_part_time": true, "is_in_person": false, "is_remote": true}}, {"model": "bootcamps.bootcamp", "pk": 45, "fields": {"created": "2022-04-18T19:11:38.980Z", "modified": "2022-04-18T19:11:38.980Z", "name": "Fullstack Fulltime 03 22", "bootcamp_type": 1, "bootcamp_location": 1, "early_apply_by": "2022-05-30", "apply_by": "2022-06-30", "start_date": "2022-07-07", "end_date": "2022-09-30", "active": false, "is_part_time": false, "is_in_person": true, "is_remote": true}}, {"model": "bootcamps.bootcamp", "pk": 46, "fields": {"created": "2022-04-18T19:12:23.399Z", "modified": "2022-04-18T19:12:23.399Z", "name": "Datascience 3 22", "bootcamp_type": 2, "bootcamp_location": 1, "early_apply_by": "2022-05-30", "apply_by": "2022-06-30", "start_date": "2022-07-07", "end_date": "2022-09-30", "active": false, "is_part_time": false, "is_in_person": true, "is_remote": true}}, {"model": "bootcampLocations.bootcamplocation", "pk": 1, "fields": {"location": "Zurich", "name": "SIT Academy Zurich"}}, {"model": "bootcampLocations.bootcamplocation", "pk": 2, "fields": {"location": "Munich", "name": "SIT Academy Munich"}}, {"model": "bootcampLocations.bootcamplocation", "pk": 3, "fields": {"location": "Berlin", "name": "SIT Academy Berlin"}}, {"model": "bootcampLocations.bootcamplocation", "pk": 4, "fields": {"location": "Hamburg", "name": "SIT Academy Hamburg"}}, {"model": "bootcampLocations.bootcamplocation", "pk": 5, "fields": {"location": "Bern", "name": "SIT Academy Bern"}}, {"model": "bootcampLocations.bootcamplocation", "pk": 6, "fields": {"location": "Genf", "name": "SIT Academy Genf"}}, {"model": "bootcampLocations.bootcamplocation", "pk": 7, "fields": {"location": "Luzern", "name": "SIT Academy Luzern"}}, {"model": "bootcampLocations.bootcamplocation", "pk": 8, "fields": {"location": "Basel", "name": "SIT Academy Basel"}}, {"model": "bootcampLocations.bootcamplocation", "pk": 9, "fields": {"location": "Konstanz", "name": "SIT Academy Konstanz"}}, {"model": "bootcampLocations.bootcamplocation", "pk": 10, "fields": {"location": "Cologne", "name": "SIT Academy Cologne"}}, {"model": "bootcampTypes.bootcamptype", "pk": 1, "fields": {"type": "fullStack", "name": "Full-Stack Bootcamp", "interviewer_email": "rubens@email.com", "interviewer_calendly_link": "http://www.calendly.com"}}, {"model": "bootcampTypes.bootcamptype", "pk": 2, "fields": {"type": "DataScience", "name": "Data Science Full Time", "interviewer_email": "DanieleRoncaglioni@email.com", "interviewer_calendly_link": "http://www.calendly-danieler.com"}}, {"model": "bootcampTypes.bootcamptype", "pk": 3, "fields": {"type": "OnlineSecurity", "name": "Online Security", "interviewer_email": "secure@email.com", "interviewer_calendly_link": "http://www.secure-calendly.com"}}, {"model": "bootcampTypes.bootcamptype", "pk": 4, "fields": {"type": "BlockChain", "name": "BlockChain Fundamentals", "interviewer_email": "block@chain.com", "interviewer_calendly_link": "http://www.Calendly-Doge.com"}}, {"model": "bootcampTypes.bootcamptype", "pk": 5, "fields": {"type": "HashFunctions", "name": "Hash 101", "interviewer_email": "mail@hashed.com", "interviewer_calendly_link": "http://www.hash.com"}}, {"model": "users.user", "pk": 1, "fields": {"password": "pbkdf2_sha256$320000$aybEYuwhouP6cGJIUuhjX1$Jpzh8wFeL0EZmi/IdFqGSvsiSZvqyG3LX+QTvoz/WkM=", "last_login": "2022-04-13T09:05:40.410Z", "is_superuser": true, "username": "superuser", "first_name": "", "last_name": "", "email": "mail@mail.com", "is_staff": true, "is_active": true, "date_joined": "2022-04-13T09:05:31.725Z", "groups": [], "user_permissions": []}}]